val_loss_stack,val_losses,num_models,use_first_layer
7.2789740562438965,"[3.283946990966797, 3.283946990966797]",2,true
