val_loss_stack,val_losses,num_models,use_first_layer
6.282119274139404,"[3.283946990966797, 3.283946990966797]",2,false
