val_loss_stack,val_losses,num_models,use_first_layer
5.88832426071167,"[3.283946990966797, 3.3128726482391357]",2,false
