val_loss_stack,val_losses,num_models,use_first_layer
6.660348415374756,"[3.276780843734741, 3.276663303375244]",2,false
