val_loss_stack,val_losses,num_models,use_first_layer
7.2559814453125,"[3.276780843734741, 3.276663303375244]",2,true
